,precision,recall,f1-score,support
DDOS-HTTP_FLOOD,0.9037277701778386,0.968658357771261,0.9350672328379335,5456.0
DDOS-SLOWLORIS,0.9233751425313569,0.9183488319346791,0.9208551284967023,4409.0
DICTIONARYBRUTEFORCE,0.42065142065142064,0.48328025477707004,0.44979622082252685,2512.0
BROWSERHIJACKING,0.337295690936107,0.20921658986175115,0.2582480091012514,1085.0
COMMANDINJECTION,0.3779840848806366,0.28106508875739644,0.3223981900452489,1014.0
SQLINJECTION,0.36794582392776526,0.1591796875,0.2222222222222222,1024.0
XSS,0.16666666666666666,0.0038363171355498722,0.0075,782.0
BACKDOOR_MALWARE,0.4444444444444444,0.0189873417721519,0.036418816388467376,632.0
RECON-PINGSWEEP,0.4576271186440678,0.12735849056603774,0.1992619926199262,424.0
UPLOADING_ATTACK,0.0,0.0,0.0,253.0
