Label,Count,Percentage
DDOS-ICMP_FLOOD,6893259,15.311805664968645
DDOS-UDP_FLOOD,5181027,11.508472054938817
DDOS-TCP_FLOOD,4306086,9.56498979780713
DDOS-PSHACK_FLOOD,3920372,8.708213951976047
DDOS-SYN_FLOOD,3886130,8.632153143934472
DDOS-RSTFINFLOOD,3872808,8.60256135359717
DDOS-SYNONYMOUSIP_FLOOD,3445659,7.653747087662047
DOS-UDP_FLOOD,3177323,7.057699748527535
DOS-TCP_FLOOD,2558256,5.682583334419906
DOS-SYN_FLOOD,1942176,4.31410186084204
BENIGN,1051373,2.3353857815867762
MIRAI-GREETH_FLOOD,949381,2.1088337713719443
MIRAI-UDPPLAIN,852695,1.8940678322822975
MIRAI-GREIP_FLOOD,719655,1.598549757933513
DDOS-ICMP_FRAGMENTATION,433157,0.9621596702547842
VULNERABILITYSCAN,357583,0.7942892331619169
MITM-ARPSPOOFING,294469,0.6540958496347884
DDOS-UDP_FRAGMENTATION,274909,0.6106477623357638
DDOS-ACK_FRAGMENTATION,272793,0.6059475500287732
DNS_SPOOFING,171468,0.38087712847592753
RECON-HOSTDISCOVERY,128677,0.28582666305606247
RECON-OSSCAN,93970,0.2087329633685755
RECON-PORTSCAN,78730,0.17488077265093063
DOS-HTTP_FLOOD,68799,0.15282131687554143
DDOS-HTTP_FLOOD,27597,0.061300453230632955
DDOS-SLOWLORIS,22400,0.049756500792338954
DICTIONARYBRUTEFORCE,12522,0.027814772451860197
BROWSERHIJACKING,5630,0.012505763368788765
COMMANDINJECTION,5168,0.011479535539946774
SQLINJECTION,5022,0.011155229775853849
XSS,3705,0.008229814081947135
BACKDOOR_MALWARE,3078,0.006837076314233005
RECON-PINGSWEEP,2161,0.004800169563046628
UPLOADING_ATTACK,1196,0.002656641738733812
