File,Rows,Duplicate_Rows,Duplicate_Percentage
Merged01.csv,712311,167368,23.49647836408535
Merged02.csv,748585,179907,24.032942150857952
Merged03.csv,697289,162037,23.238140856947407
Merged04.csv,676620,155415,22.969318081049924
Merged05.csv,744804,178616,23.981611269542054
Merged06.csv,718229,169309,23.573122221464185
Merged07.csv,702212,163777,23.323013562855664
Merged08.csv,712220,168022,23.591306057117183
Merged09.csv,678882,156716,23.0844240972658
Merged10.csv,916190,238039,25.98140123773453
Merged11.csv,909761,236160,25.958466014700566
Merged12.csv,896941,231018,25.75620915979981
Merged13.csv,709937,166259,23.41883857300014
Merged14.csv,902920,233041,25.80970628627121
Merged15.csv,718483,169348,23.570216692670527
Merged16.csv,765369,185070,24.18049333066795
Merged17.csv,731532,174046,23.79198722680621
Merged18.csv,714063,167798,23.49904700285549
Merged19.csv,701978,163854,23.341757149084444
Merged20.csv,719927,171032,23.756853125386325
Merged21.csv,692566,160462,23.169199758578966
Merged22.csv,739382,176541,23.87683227343917
Merged23.csv,688470,159742,23.202463433410315
Merged24.csv,743201,177377,23.866625583119504
Merged25.csv,700455,163676,23.367097101169954
Merged26.csv,878940,224607,25.554304048057887
Merged27.csv,720736,170168,23.610309461439417
Merged28.csv,706379,165610,23.444921210851398
Merged29.csv,717507,169561,23.631964566199354
Merged30.csv,695672,161919,23.27519290700215
Merged31.csv,682595,157517,23.076201847361904
Merged32.csv,704067,164714,23.394648520666355
Merged33.csv,793945,195318,24.600948428417585
Merged34.csv,899094,232536,25.863369124919082
Merged35.csv,920543,239942,26.06526799943077
Merged36.csv,743302,177253,23.846700264495453
Merged37.csv,688865,159314,23.12702779209279
Merged38.csv,729577,172489,23.642329733530527
Merged39.csv,677113,155875,23.020529808170867
Merged40.csv,696694,161901,23.23846624199433
Merged41.csv,712847,167875,23.549934277621986
Merged42.csv,871730,222321,25.50342422539089
Merged43.csv,692217,159971,23.10994962562318
Merged44.csv,725937,171848,23.672577647922616
Merged45.csv,673548,154550,22.945654949610127
Merged46.csv,678328,156037,23.00317840336828
Merged47.csv,657626,150162,22.833951212391238
Merged48.csv,657630,149657,22.757021425421588
Merged49.csv,642736,145085,22.573031540165793
Merged50.csv,601085,131054,21.802906410906946
Merged51.csv,214394,26269,12.252674981575977
Merged52.csv,65724,3285,4.998174182946869
Merged53.csv,907087,234781,25.882963817142123
Merged54.csv,727442,172717,23.743061302481845
Merged55.csv,754784,181994,24.112063848730234
Merged56.csv,743836,178411,23.9852601917627
Merged57.csv,865303,220245,25.45293382780367
Merged58.csv,709636,166840,23.510644894001995
Merged59.csv,687179,158761,23.103296229948818
Merged60.csv,691573,160414,23.195526719522018
Merged61.csv,711577,166878,23.45185412119841
Merged62.csv,701507,163924,23.367407595362554
Merged63.csv,428161,78695,18.379768358164338
