Model,Imbalance_Method,Macro_F1,Rare_Avg_F1,Training_Time_Seconds,Inference_Time_Seconds,Model_Size_MB
Decision Tree,None,0.5911341627925308,0.4071787307816847,11.028937700029928,0.1092256000265479,93.22006702423096
Decision Tree,Class Weighting,0.589182552065205,0.405909552619267,12.149601300014185,0.1108342999941669,99.38267421722412
Decision Tree,Random Undersampling,0.5493948588557762,0.3679076774353148,0.5123756999964826,0.0760438999859616,6.199645042419434
Decision Tree,SMOTE,0.5918573293613928,0.4169757443235296,141.16239479999058,0.1390673000132665,193.71860218048096
Logistic Regression,None,0.5365125222277292,0.3351767812534278,687.6863570999703,0.1316326999804005,0.0133161544799804
Logistic Regression,Class Weighting,0.5378768786683821,0.3451667778141684,1018.8539480000036,0.1969381000380963,0.0133256912231445
Logistic Regression,SMOTE,0.5357734636122272,0.3423596900907538,840.0642045,0.1659829000000172,0.0133161544799804
Random Forest,None,0.6331359826920097,0.4580110066193299,29.70166260000041,1.3204512000002069,4536.735342025757
Random Forest,Class Weighting,0.6375056410185667,0.4654997530016223,25.11026669999956,1.258082899999863,4130.901851654053
Random Forest,SMOTE,0.6341169298777176,0.466310980697229,378.6140883000044,25.81812039999932,14319.566884994509
LightGBM,None,0.2342141068999521,0.0790776063458491,41.99676329999784,12.442991599993547,10.964082717895508
LightGBM,Class Weighting,0.4044277672801949,0.3445420168722828,39.48027439999714,11.643699500004004,11.249381065368652
LightGBM,SMOTE,0.5798182114691797,0.4166746918836214,218.15361380000104,17.783677300001727,11.376429557800291
